{
  "accuracy": 0.85,
  "weighted_f1": 0.8499900996435872,
  "macro_f1": 0.849994599805593,
  "weighted_precision": 0.850185953740631,
  "weighted_recall": 0.85,
  "auc": 0.9171449286232155,
  "gating_accuracy": 0.8455,
  "routing_efficiency": 0.9155387114239307,
  "complexity_aware_auc": 0.9070249041212302
}