{
  "train_accuracy": [
    0.9574285714285714
  ],
  "train_f1": [
    0.9574287903687946
  ],
  "val_accuracy": [
    0.85
  ],
  "val_f1": [
    0.8499621877488306
  ]
}