{
  "train_accuracy": [
    0.9575714285714285
  ],
  "train_f1": [
    0.9575716078107921
  ],
  "val_accuracy": [
    0.852
  ],
  "val_f1": [
    0.8519715767236413
  ]
}